date,series_id,value,series_name
2018-01-01,BDIY,1504.2477,Baltic Dry Index
2018-02-01,BDIY,1686.2455,Baltic Dry Index
2018-03-01,BDIY,1749.668,Baltic Dry Index
2018-04-01,BDIY,1210.3466,Baltic Dry Index
2018-05-01,BDIY,1674.2514,Baltic Dry Index
2018-06-01,BDIY,1696.0069,Baltic Dry Index
2018-07-01,BDIY,1528.1505,Baltic Dry Index
2018-08-01,BDIY,1661.8845,Baltic Dry Index
2018-09-01,BDIY,1533.551,Baltic Dry Index
2018-10-01,BDIY,1845.9326,Baltic Dry Index
2018-11-01,BDIY,1839.3344,Baltic Dry Index
2018-12-01,BDIY,1829.4815,Baltic Dry Index
2019-01-01,BDIY,1643.0897,Baltic Dry Index
2019-02-01,BDIY,1784.107,Baltic Dry Index
2019-03-01,BDIY,1460.2889,Baltic Dry Index
2019-04-01,BDIY,1589.7959,Baltic Dry Index
2019-05-01,BDIY,1477.4407,Baltic Dry Index
2019-06-01,BDIY,1287.0145,Baltic Dry Index
2019-07-01,BDIY,1512.5222,Baltic Dry Index
2019-08-01,BDIY,1803.1813,Baltic Dry Index
2019-09-01,BDIY,1632.8161,Baltic Dry Index
2019-10-01,BDIY,1555.5741,Baltic Dry Index
2019-11-01,BDIY,1772.7964,Baltic Dry Index
2019-12-01,BDIY,1856.9055,Baltic Dry Index
2020-01-01,BDIY,1726.9031,Baltic Dry Index
2020-02-01,BDIY,1680.5635,Baltic Dry Index
2020-03-01,BDIY,1616.2542,Baltic Dry Index
2020-04-01,BDIY,1673.2277,Baltic Dry Index
2020-05-01,BDIY,1895.2701,Baltic Dry Index
2020-06-01,BDIY,1714.9101,Baltic Dry Index
2020-07-01,BDIY,1866.8944,Baltic Dry Index
2020-08-01,BDIY,1804.977,Baltic Dry Index
2020-09-01,BDIY,1478.1232,Baltic Dry Index
2020-10-01,BDIY,1732.1803,Baltic Dry Index
2020-11-01,BDIY,1552.4118,Baltic Dry Index
2020-12-01,BDIY,1543.2623,Baltic Dry Index
2021-01-01,BDIY,1499.3655,Baltic Dry Index
2021-02-01,BDIY,2108.7167,Baltic Dry Index
2021-03-01,BDIY,1732.9237,Baltic Dry Index
2021-04-01,BDIY,1822.0945,Baltic Dry Index
2021-05-01,BDIY,1690.2857,Baltic Dry Index
2021-06-01,BDIY,1809.4111,Baltic Dry Index
2021-07-01,BDIY,1749.1667,Baltic Dry Index
2021-08-01,BDIY,1852.8077,Baltic Dry Index
2021-09-01,BDIY,3515.8016,Baltic Dry Index
2021-10-01,BDIY,3856.4313,Baltic Dry Index
2021-11-01,BDIY,4000.6965,Baltic Dry Index
2021-12-01,BDIY,4489.8844,Baltic Dry Index
2022-01-01,BDIY,2866.6911,Baltic Dry Index
2022-02-01,BDIY,2800.5067,Baltic Dry Index
2022-03-01,BDIY,3054.0151,Baltic Dry Index
2022-04-01,BDIY,2532.5076,Baltic Dry Index
2022-05-01,BDIY,2753.1118,Baltic Dry Index
2022-06-01,BDIY,2446.6825,Baltic Dry Index
2022-07-01,BDIY,2285.7577,Baltic Dry Index
2022-08-01,BDIY,2142.2027,Baltic Dry Index
2022-09-01,BDIY,1976.9793,Baltic Dry Index
2022-10-01,BDIY,1736.0985,Baltic Dry Index
2022-11-01,BDIY,1692.524,Baltic Dry Index
2022-12-01,BDIY,1462.6118,Baltic Dry Index
2023-01-01,BDIY,1591.691,Baltic Dry Index
2023-02-01,BDIY,1422.266,Baltic Dry Index
2023-03-01,BDIY,1588.2001,Baltic Dry Index
2023-04-01,BDIY,1650.6423,Baltic Dry Index
2023-05-01,BDIY,1680.962,Baltic Dry Index
2023-06-01,BDIY,1304.9278,Baltic Dry Index
2023-07-01,BDIY,1549.3083,Baltic Dry Index
2023-08-01,BDIY,1704.4167,Baltic Dry Index
2023-09-01,BDIY,1629.9444,Baltic Dry Index
2023-10-01,BDIY,3035.4895,Baltic Dry Index
2023-11-01,BDIY,3019.2054,Baltic Dry Index
2023-12-01,BDIY,3210.0872,Baltic Dry Index
2024-01-01,BDIY,2618.4931,Baltic Dry Index
2024-02-01,BDIY,2589.2864,Baltic Dry Index
2024-03-01,BDIY,2623.7446,Baltic Dry Index
2024-04-01,BDIY,1701.451,Baltic Dry Index
2024-05-01,BDIY,2018.1628,Baltic Dry Index
2024-06-01,BDIY,1986.9222,Baltic Dry Index
2024-07-01,BDIY,1807.8184,Baltic Dry Index
2024-08-01,BDIY,1731.341,Baltic Dry Index
2024-09-01,BDIY,1679.9837,Baltic Dry Index
2024-10-01,BDIY,1814.7624,Baltic Dry Index
2024-11-01,BDIY,1763.1213,Baltic Dry Index
2024-12-01,BDIY,1728.5072,Baltic Dry Index
2018-01-01,WTISPLC,64.6156,WTI Crude Oil Spot Price
2018-02-01,WTISPLC,73.0095,WTI Crude Oil Spot Price
2018-03-01,WTISPLC,71.4052,WTI Crude Oil Spot Price
2018-04-01,WTISPLC,69.6036,WTI Crude Oil Spot Price
2018-05-01,WTISPLC,64.2418,WTI Crude Oil Spot Price
2018-06-01,WTISPLC,68.4232,WTI Crude Oil Spot Price
2018-07-01,WTISPLC,65.743,WTI Crude Oil Spot Price
2018-08-01,WTISPLC,62.9524,WTI Crude Oil Spot Price
2018-09-01,WTISPLC,72.9834,WTI Crude Oil Spot Price
2018-10-01,WTISPLC,69.6167,WTI Crude Oil Spot Price
2018-11-01,WTISPLC,62.3278,WTI Crude Oil Spot Price
2018-12-01,WTISPLC,64.8018,WTI Crude Oil Spot Price
2019-01-01,WTISPLC,72.6641,WTI Crude Oil Spot Price
2019-02-01,WTISPLC,69.4362,WTI Crude Oil Spot Price
2019-03-01,WTISPLC,75.3419,WTI Crude Oil Spot Price
2019-04-01,WTISPLC,62.2107,WTI Crude Oil Spot Price
2019-05-01,WTISPLC,66.0762,WTI Crude Oil Spot Price
2019-06-01,WTISPLC,70.1186,WTI Crude Oil Spot Price
2019-07-01,WTISPLC,64.7457,WTI Crude Oil Spot Price
2019-08-01,WTISPLC,59.1108,WTI Crude Oil Spot Price
2019-09-01,WTISPLC,65.1874,WTI Crude Oil Spot Price
2019-10-01,WTISPLC,65.9189,WTI Crude Oil Spot Price
2019-11-01,WTISPLC,53.5832,WTI Crude Oil Spot Price
2019-12-01,WTISPLC,67.8908,WTI Crude Oil Spot Price
2020-01-01,WTISPLC,63.2106,WTI Crude Oil Spot Price
2020-02-01,WTISPLC,73.7398,WTI Crude Oil Spot Price
2020-03-01,WTISPLC,27.3252,WTI Crude Oil Spot Price
2020-04-01,WTISPLC,26.1685,WTI Crude Oil Spot Price
2020-05-01,WTISPLC,33.809,WTI Crude Oil Spot Price
2020-06-01,WTISPLC,30.1347,WTI Crude Oil Spot Price
2020-07-01,WTISPLC,49.2305,WTI Crude Oil Spot Price
2020-08-01,WTISPLC,51.1395,WTI Crude Oil Spot Price
2020-09-01,WTISPLC,51.3374,WTI Crude Oil Spot Price
2020-10-01,WTISPLC,50.8994,WTI Crude Oil Spot Price
2020-11-01,WTISPLC,49.9502,WTI Crude Oil Spot Price
2020-12-01,WTISPLC,53.9691,WTI Crude Oil Spot Price
2021-01-01,WTISPLC,71.8386,WTI Crude Oil Spot Price
2021-02-01,WTISPLC,75.5621,WTI Crude Oil Spot Price
2021-03-01,WTISPLC,72.5656,WTI Crude Oil Spot Price
2021-04-01,WTISPLC,65.8122,WTI Crude Oil Spot Price
2021-05-01,WTISPLC,77.807,WTI Crude Oil Spot Price
2021-06-01,WTISPLC,68.3064,WTI Crude Oil Spot Price
2021-07-01,WTISPLC,61.7227,WTI Crude Oil Spot Price
2021-08-01,WTISPLC,66.888,WTI Crude Oil Spot Price
2021-09-01,WTISPLC,74.2665,WTI Crude Oil Spot Price
2021-10-01,WTISPLC,68.3094,WTI Crude Oil Spot Price
2021-11-01,WTISPLC,71.9174,WTI Crude Oil Spot Price
2021-12-01,WTISPLC,70.2872,WTI Crude Oil Spot Price
2022-01-01,WTISPLC,60.0174,WTI Crude Oil Spot Price
2022-02-01,WTISPLC,127.6805,WTI Crude Oil Spot Price
2022-03-01,WTISPLC,121.0728,WTI Crude Oil Spot Price
2022-04-01,WTISPLC,123.7949,WTI Crude Oil Spot Price
2022-05-01,WTISPLC,125.8191,WTI Crude Oil Spot Price
2022-06-01,WTISPLC,114.3072,WTI Crude Oil Spot Price
2022-07-01,WTISPLC,92.9935,WTI Crude Oil Spot Price
2022-08-01,WTISPLC,93.202,WTI Crude Oil Spot Price
2022-09-01,WTISPLC,94.4238,WTI Crude Oil Spot Price
2022-10-01,WTISPLC,90.4555,WTI Crude Oil Spot Price
2022-11-01,WTISPLC,94.4363,WTI Crude Oil Spot Price
2022-12-01,WTISPLC,90.6869,WTI Crude Oil Spot Price
2023-01-01,WTISPLC,76.871,WTI Crude Oil Spot Price
2023-02-01,WTISPLC,80.4052,WTI Crude Oil Spot Price
2023-03-01,WTISPLC,75.1873,WTI Crude Oil Spot Price
2023-04-01,WTISPLC,83.5654,WTI Crude Oil Spot Price
2023-05-01,WTISPLC,63.5213,WTI Crude Oil Spot Price
2023-06-01,WTISPLC,65.7979,WTI Crude Oil Spot Price
2023-07-01,WTISPLC,67.8571,WTI Crude Oil Spot Price
2023-08-01,WTISPLC,79.6852,WTI Crude Oil Spot Price
2023-09-01,WTISPLC,64.7198,WTI Crude Oil Spot Price
2023-10-01,WTISPLC,81.501,WTI Crude Oil Spot Price
2023-11-01,WTISPLC,84.9275,WTI Crude Oil Spot Price
2023-12-01,WTISPLC,88.2661,WTI Crude Oil Spot Price
2024-01-01,WTISPLC,77.1875,WTI Crude Oil Spot Price
2024-02-01,WTISPLC,82.4577,WTI Crude Oil Spot Price
2024-03-01,WTISPLC,76.0886,WTI Crude Oil Spot Price
2024-04-01,WTISPLC,75.8204,WTI Crude Oil Spot Price
2024-05-01,WTISPLC,80.2244,WTI Crude Oil Spot Price
2024-06-01,WTISPLC,77.9987,WTI Crude Oil Spot Price
2024-07-01,WTISPLC,76.6923,WTI Crude Oil Spot Price
2024-08-01,WTISPLC,72.8264,WTI Crude Oil Spot Price
2024-09-01,WTISPLC,58.8872,WTI Crude Oil Spot Price
2024-10-01,WTISPLC,68.5832,WTI Crude Oil Spot Price
2024-11-01,WTISPLC,76.2054,WTI Crude Oil Spot Price
2024-12-01,WTISPLC,80.0961,WTI Crude Oil Spot Price
2018-01-01,PNGASEUUSDM,7.5363,EU Natural Gas Price
2018-02-01,PNGASEUUSDM,7.2281,EU Natural Gas Price
2018-03-01,PNGASEUUSDM,7.9645,EU Natural Gas Price
2018-04-01,PNGASEUUSDM,8.5748,EU Natural Gas Price
2018-05-01,PNGASEUUSDM,6.4996,EU Natural Gas Price
2018-06-01,PNGASEUUSDM,7.3269,EU Natural Gas Price
2018-07-01,PNGASEUUSDM,7.7459,EU Natural Gas Price
2018-08-01,PNGASEUUSDM,8.4937,EU Natural Gas Price
2018-09-01,PNGASEUUSDM,8.1941,EU Natural Gas Price
2018-10-01,PNGASEUUSDM,8.2695,EU Natural Gas Price
2018-11-01,PNGASEUUSDM,6.9521,EU Natural Gas Price
2018-12-01,PNGASEUUSDM,7.0296,EU Natural Gas Price
2019-01-01,PNGASEUUSDM,8.5267,EU Natural Gas Price
2019-02-01,PNGASEUUSDM,10.0593,EU Natural Gas Price
2019-03-01,PNGASEUUSDM,8.0396,EU Natural Gas Price
2019-04-01,PNGASEUUSDM,10.1218,EU Natural Gas Price
2019-05-01,PNGASEUUSDM,11.0513,EU Natural Gas Price
2019-06-01,PNGASEUUSDM,8.5673,EU Natural Gas Price
2019-07-01,PNGASEUUSDM,7.9412,EU Natural Gas Price
2019-08-01,PNGASEUUSDM,7.5667,EU Natural Gas Price
2019-09-01,PNGASEUUSDM,7.7788,EU Natural Gas Price
2019-10-01,PNGASEUUSDM,10.0976,EU Natural Gas Price
2019-11-01,PNGASEUUSDM,7.5749,EU Natural Gas Price
2019-12-01,PNGASEUUSDM,7.4125,EU Natural Gas Price
2020-01-01,PNGASEUUSDM,9.0531,EU Natural Gas Price
2020-02-01,PNGASEUUSDM,9.5981,EU Natural Gas Price
2020-03-01,PNGASEUUSDM,4.7753,EU Natural Gas Price
2020-04-01,PNGASEUUSDM,4.3824,EU Natural Gas Price
2020-05-01,PNGASEUUSDM,4.5406,EU Natural Gas Price
2020-06-01,PNGASEUUSDM,5.5559,EU Natural Gas Price
2020-07-01,PNGASEUUSDM,6.4978,EU Natural Gas Price
2020-08-01,PNGASEUUSDM,6.4685,EU Natural Gas Price
2020-09-01,PNGASEUUSDM,5.1177,EU Natural Gas Price
2020-10-01,PNGASEUUSDM,5.9329,EU Natural Gas Price
2020-11-01,PNGASEUUSDM,5.7177,EU Natural Gas Price
2020-12-01,PNGASEUUSDM,7.4991,EU Natural Gas Price
2021-01-01,PNGASEUUSDM,9.739,EU Natural Gas Price
2021-02-01,PNGASEUUSDM,9.4577,EU Natural Gas Price
2021-03-01,PNGASEUUSDM,8.7636,EU Natural Gas Price
2021-04-01,PNGASEUUSDM,8.3593,EU Natural Gas Price
2021-05-01,PNGASEUUSDM,9.3667,EU Natural Gas Price
2021-06-01,PNGASEUUSDM,7.4268,EU Natural Gas Price
2021-07-01,PNGASEUUSDM,7.4295,EU Natural Gas Price
2021-08-01,PNGASEUUSDM,9.5784,EU Natural Gas Price
2021-09-01,PNGASEUUSDM,7.6554,EU Natural Gas Price
2021-10-01,PNGASEUUSDM,7.5201,EU Natural Gas Price
2021-11-01,PNGASEUUSDM,8.4812,EU Natural Gas Price
2021-12-01,PNGASEUUSDM,8.4532,EU Natural Gas Price
2022-01-01,PNGASEUUSDM,9.0651,EU Natural Gas Price
2022-02-01,PNGASEUUSDM,25.996,EU Natural Gas Price
2022-03-01,PNGASEUUSDM,28.4834,EU Natural Gas Price
2022-04-01,PNGASEUUSDM,28.522,EU Natural Gas Price
2022-05-01,PNGASEUUSDM,28.4729,EU Natural Gas Price
2022-06-01,PNGASEUUSDM,25.616,EU Natural Gas Price
2022-07-01,PNGASEUUSDM,17.4026,EU Natural Gas Price
2022-08-01,PNGASEUUSDM,16.3636,EU Natural Gas Price
2022-09-01,PNGASEUUSDM,16.2839,EU Natural Gas Price
2022-10-01,PNGASEUUSDM,16.5234,EU Natural Gas Price
2022-11-01,PNGASEUUSDM,17.3737,EU Natural Gas Price
2022-12-01,PNGASEUUSDM,15.8915,EU Natural Gas Price
2023-01-01,PNGASEUUSDM,8.7475,EU Natural Gas Price
2023-02-01,PNGASEUUSDM,9.6483,EU Natural Gas Price
2023-03-01,PNGASEUUSDM,9.5675,EU Natural Gas Price
2023-04-01,PNGASEUUSDM,8.4067,EU Natural Gas Price
2023-05-01,PNGASEUUSDM,9.4546,EU Natural Gas Price
2023-06-01,PNGASEUUSDM,8.7207,EU Natural Gas Price
2023-07-01,PNGASEUUSDM,8.8399,EU Natural Gas Price
2023-08-01,PNGASEUUSDM,10.2357,EU Natural Gas Price
2023-09-01,PNGASEUUSDM,8.0156,EU Natural Gas Price
2023-10-01,PNGASEUUSDM,12.9121,EU Natural Gas Price
2023-11-01,PNGASEUUSDM,13.18,EU Natural Gas Price
2023-12-01,PNGASEUUSDM,13.0942,EU Natural Gas Price
2024-01-01,PNGASEUUSDM,9.1169,EU Natural Gas Price
2024-02-01,PNGASEUUSDM,8.7256,EU Natural Gas Price
2024-03-01,PNGASEUUSDM,10.334,EU Natural Gas Price
2024-04-01,PNGASEUUSDM,9.9941,EU Natural Gas Price
2024-05-01,PNGASEUUSDM,8.788,EU Natural Gas Price
2024-06-01,PNGASEUUSDM,8.9299,EU Natural Gas Price
2024-07-01,PNGASEUUSDM,8.8863,EU Natural Gas Price
2024-08-01,PNGASEUUSDM,8.8124,EU Natural Gas Price
2024-09-01,PNGASEUUSDM,8.7529,EU Natural Gas Price
2024-10-01,PNGASEUUSDM,8.9613,EU Natural Gas Price
2024-11-01,PNGASEUUSDM,8.4071,EU Natural Gas Price
2024-12-01,PNGASEUUSDM,8.4212,EU Natural Gas Price
2018-01-01,PWHEAMTUSDM,229.9186,Global Wheat Price
2018-02-01,PWHEAMTUSDM,235.3811,Global Wheat Price
2018-03-01,PWHEAMTUSDM,245.9497,Global Wheat Price
2018-04-01,PWHEAMTUSDM,231.8059,Global Wheat Price
2018-05-01,PWHEAMTUSDM,217.624,Global Wheat Price
2018-06-01,PWHEAMTUSDM,228.0845,Global Wheat Price
2018-07-01,PWHEAMTUSDM,197.842,Global Wheat Price
2018-08-01,PWHEAMTUSDM,203.418,Global Wheat Price
2018-09-01,PWHEAMTUSDM,202.3314,Global Wheat Price
2018-10-01,PWHEAMTUSDM,191.4251,Global Wheat Price
2018-11-01,PWHEAMTUSDM,214.7333,Global Wheat Price
2018-12-01,PWHEAMTUSDM,223.077,Global Wheat Price
2019-01-01,PWHEAMTUSDM,211.279,Global Wheat Price
2019-02-01,PWHEAMTUSDM,256.228,Global Wheat Price
2019-03-01,PWHEAMTUSDM,248.3513,Global Wheat Price
2019-04-01,PWHEAMTUSDM,256.8983,Global Wheat Price
2019-05-01,PWHEAMTUSDM,233.5853,Global Wheat Price
2019-06-01,PWHEAMTUSDM,223.8333,Global Wheat Price
2019-07-01,PWHEAMTUSDM,229.0988,Global Wheat Price
2019-08-01,PWHEAMTUSDM,225.5599,Global Wheat Price
2019-09-01,PWHEAMTUSDM,225.0738,Global Wheat Price
2019-10-01,PWHEAMTUSDM,226.417,Global Wheat Price
2019-11-01,PWHEAMTUSDM,216.0615,Global Wheat Price
2019-12-01,PWHEAMTUSDM,235.9761,Global Wheat Price
2020-01-01,PWHEAMTUSDM,262.861,Global Wheat Price
2020-02-01,PWHEAMTUSDM,247.5399,Global Wheat Price
2020-03-01,PWHEAMTUSDM,272.8387,Global Wheat Price
2020-04-01,PWHEAMTUSDM,250.4971,Global Wheat Price
2020-05-01,PWHEAMTUSDM,253.7572,Global Wheat Price
2020-06-01,PWHEAMTUSDM,245.0598,Global Wheat Price
2020-07-01,PWHEAMTUSDM,241.43,Global Wheat Price
2020-08-01,PWHEAMTUSDM,247.4899,Global Wheat Price
2020-09-01,PWHEAMTUSDM,250.2171,Global Wheat Price
2020-10-01,PWHEAMTUSDM,224.2443,Global Wheat Price
2020-11-01,PWHEAMTUSDM,231.2376,Global Wheat Price
2020-12-01,PWHEAMTUSDM,256.2998,Global Wheat Price
2021-01-01,PWHEAMTUSDM,245.1995,Global Wheat Price
2021-02-01,PWHEAMTUSDM,246.4246,Global Wheat Price
2021-03-01,PWHEAMTUSDM,239.828,Global Wheat Price
2021-04-01,PWHEAMTUSDM,246.8884,Global Wheat Price
2021-05-01,PWHEAMTUSDM,243.749,Global Wheat Price
2021-06-01,PWHEAMTUSDM,232.3292,Global Wheat Price
2021-07-01,PWHEAMTUSDM,226.7568,Global Wheat Price
2021-08-01,PWHEAMTUSDM,229.4709,Global Wheat Price
2021-09-01,PWHEAMTUSDM,209.2759,Global Wheat Price
2021-10-01,PWHEAMTUSDM,232.1576,Global Wheat Price
2021-11-01,PWHEAMTUSDM,230.1947,Global Wheat Price
2021-12-01,PWHEAMTUSDM,253.4281,Global Wheat Price
2022-01-01,PWHEAMTUSDM,204.3771,Global Wheat Price
2022-02-01,PWHEAMTUSDM,454.6867,Global Wheat Price
2022-03-01,PWHEAMTUSDM,457.2618,Global Wheat Price
2022-04-01,PWHEAMTUSDM,447.9668,Global Wheat Price
2022-05-01,PWHEAMTUSDM,443.9384,Global Wheat Price
2022-06-01,PWHEAMTUSDM,445.092,Global Wheat Price
2022-07-01,PWHEAMTUSDM,333.7458,Global Wheat Price
2022-08-01,PWHEAMTUSDM,320.8985,Global Wheat Price
2022-09-01,PWHEAMTUSDM,332.0375,Global Wheat Price
2022-10-01,PWHEAMTUSDM,342.2764,Global Wheat Price
2022-11-01,PWHEAMTUSDM,348.2708,Global Wheat Price
2022-12-01,PWHEAMTUSDM,354.7469,Global Wheat Price
2023-01-01,PWHEAMTUSDM,246.3427,Global Wheat Price
2023-02-01,PWHEAMTUSDM,239.6954,Global Wheat Price
2023-03-01,PWHEAMTUSDM,279.899,Global Wheat Price
2023-04-01,PWHEAMTUSDM,271.0635,Global Wheat Price
2023-05-01,PWHEAMTUSDM,251.84,Global Wheat Price
2023-06-01,PWHEAMTUSDM,249.2569,Global Wheat Price
2023-07-01,PWHEAMTUSDM,226.067,Global Wheat Price
2023-08-01,PWHEAMTUSDM,230.8966,Global Wheat Price
2023-09-01,PWHEAMTUSDM,228.4266,Global Wheat Price
2023-10-01,PWHEAMTUSDM,259.9922,Global Wheat Price
2023-11-01,PWHEAMTUSDM,283.4963,Global Wheat Price
2023-12-01,PWHEAMTUSDM,281.5258,Global Wheat Price
2024-01-01,PWHEAMTUSDM,257.0255,Global Wheat Price
2024-02-01,PWHEAMTUSDM,276.9864,Global Wheat Price
2024-03-01,PWHEAMTUSDM,264.3707,Global Wheat Price
2024-04-01,PWHEAMTUSDM,276.0262,Global Wheat Price
2024-05-01,PWHEAMTUSDM,268.6238,Global Wheat Price
2024-06-01,PWHEAMTUSDM,252.1753,Global Wheat Price
2024-07-01,PWHEAMTUSDM,225.4331,Global Wheat Price
2024-08-01,PWHEAMTUSDM,239.1554,Global Wheat Price
2024-09-01,PWHEAMTUSDM,228.075,Global Wheat Price
2024-10-01,PWHEAMTUSDM,237.5556,Global Wheat Price
2024-11-01,PWHEAMTUSDM,257.2683,Global Wheat Price
2024-12-01,PWHEAMTUSDM,246.8323,Global Wheat Price
2018-01-01,PSUNOUSDM,783.8209,Sunflower Oil Price
2018-02-01,PSUNOUSDM,937.6048,Sunflower Oil Price
2018-03-01,PSUNOUSDM,887.9065,Sunflower Oil Price
2018-04-01,PSUNOUSDM,864.3623,Sunflower Oil Price
2018-05-01,PSUNOUSDM,843.897,Sunflower Oil Price
2018-06-01,PSUNOUSDM,895.8098,Sunflower Oil Price
2018-07-01,PSUNOUSDM,829.39,Sunflower Oil Price
2018-08-01,PSUNOUSDM,779.4434,Sunflower Oil Price
2018-09-01,PSUNOUSDM,838.1083,Sunflower Oil Price
2018-10-01,PSUNOUSDM,742.549,Sunflower Oil Price
2018-11-01,PSUNOUSDM,852.7472,Sunflower Oil Price
2018-12-01,PSUNOUSDM,770.7227,Sunflower Oil Price
2019-01-01,PSUNOUSDM,836.2781,Sunflower Oil Price
2019-02-01,PSUNOUSDM,873.2518,Sunflower Oil Price
2019-03-01,PSUNOUSDM,882.6278,Sunflower Oil Price
2019-04-01,PSUNOUSDM,771.8789,Sunflower Oil Price
2019-05-01,PSUNOUSDM,878.6808,Sunflower Oil Price
2019-06-01,PSUNOUSDM,834.1529,Sunflower Oil Price
2019-07-01,PSUNOUSDM,828.552,Sunflower Oil Price
2019-08-01,PSUNOUSDM,834.2438,Sunflower Oil Price
2019-09-01,PSUNOUSDM,665.608,Sunflower Oil Price
2019-10-01,PSUNOUSDM,837.498,Sunflower Oil Price
2019-11-01,PSUNOUSDM,847.8011,Sunflower Oil Price
2019-12-01,PSUNOUSDM,803.6144,Sunflower Oil Price
2020-01-01,PSUNOUSDM,890.2057,Sunflower Oil Price
2020-02-01,PSUNOUSDM,838.1092,Sunflower Oil Price
2020-03-01,PSUNOUSDM,1016.3704,Sunflower Oil Price
2020-04-01,PSUNOUSDM,1033.3708,Sunflower Oil Price
2020-05-01,PSUNOUSDM,1060.5633,Sunflower Oil Price
2020-06-01,PSUNOUSDM,985.7963,Sunflower Oil Price
2020-07-01,PSUNOUSDM,890.9447,Sunflower Oil Price
2020-08-01,PSUNOUSDM,916.0606,Sunflower Oil Price
2020-09-01,PSUNOUSDM,911.1046,Sunflower Oil Price
2020-10-01,PSUNOUSDM,839.0695,Sunflower Oil Price
2020-11-01,PSUNOUSDM,980.3366,Sunflower Oil Price
2020-12-01,PSUNOUSDM,960.0471,Sunflower Oil Price
2021-01-01,PSUNOUSDM,761.1474,Sunflower Oil Price
2021-02-01,PSUNOUSDM,836.3829,Sunflower Oil Price
2021-03-01,PSUNOUSDM,864.7802,Sunflower Oil Price
2021-04-01,PSUNOUSDM,853.6441,Sunflower Oil Price
2021-05-01,PSUNOUSDM,900.0365,Sunflower Oil Price
2021-06-01,PSUNOUSDM,894.4529,Sunflower Oil Price
2021-07-01,PSUNOUSDM,839.3191,Sunflower Oil Price
2021-08-01,PSUNOUSDM,894.3522,Sunflower Oil Price
2021-09-01,PSUNOUSDM,846.9193,Sunflower Oil Price
2021-10-01,PSUNOUSDM,837.9,Sunflower Oil Price
2021-11-01,PSUNOUSDM,795.5593,Sunflower Oil Price
2021-12-01,PSUNOUSDM,834.6223,Sunflower Oil Price
2022-01-01,PSUNOUSDM,909.4315,Sunflower Oil Price
2022-02-01,PSUNOUSDM,1860.2232,Sunflower Oil Price
2022-03-01,PSUNOUSDM,1895.5849,Sunflower Oil Price
2022-04-01,PSUNOUSDM,1877.2997,Sunflower Oil Price
2022-05-01,PSUNOUSDM,1791.9157,Sunflower Oil Price
2022-06-01,PSUNOUSDM,1744.6813,Sunflower Oil Price
2022-07-01,PSUNOUSDM,1229.1899,Sunflower Oil Price
2022-08-01,PSUNOUSDM,1178.9695,Sunflower Oil Price
2022-09-01,PSUNOUSDM,1297.9881,Sunflower Oil Price
2022-10-01,PSUNOUSDM,1294.0911,Sunflower Oil Price
2022-11-01,PSUNOUSDM,1248.753,Sunflower Oil Price
2022-12-01,PSUNOUSDM,1367.3782,Sunflower Oil Price
2023-01-01,PSUNOUSDM,911.9762,Sunflower Oil Price
2023-02-01,PSUNOUSDM,982.1494,Sunflower Oil Price
2023-03-01,PSUNOUSDM,893.8745,Sunflower Oil Price
2023-04-01,PSUNOUSDM,988.1585,Sunflower Oil Price
2023-05-01,PSUNOUSDM,927.3093,Sunflower Oil Price
2023-06-01,PSUNOUSDM,953.7411,Sunflower Oil Price
2023-07-01,PSUNOUSDM,949.4283,Sunflower Oil Price
2023-08-01,PSUNOUSDM,950.8541,Sunflower Oil Price
2023-09-01,PSUNOUSDM,857.6953,Sunflower Oil Price
2023-10-01,PSUNOUSDM,965.3819,Sunflower Oil Price
2023-11-01,PSUNOUSDM,907.4644,Sunflower Oil Price
2023-12-01,PSUNOUSDM,1070.736,Sunflower Oil Price
2024-01-01,PSUNOUSDM,893.3221,Sunflower Oil Price
2024-02-01,PSUNOUSDM,1025.9185,Sunflower Oil Price
2024-03-01,PSUNOUSDM,976.0307,Sunflower Oil Price
2024-04-01,PSUNOUSDM,1004.2701,Sunflower Oil Price
2024-05-01,PSUNOUSDM,961.7308,Sunflower Oil Price
2024-06-01,PSUNOUSDM,886.2688,Sunflower Oil Price
2024-07-01,PSUNOUSDM,887.1795,Sunflower Oil Price
2024-08-01,PSUNOUSDM,952.2471,Sunflower Oil Price
2024-09-01,PSUNOUSDM,894.5513,Sunflower Oil Price
2024-10-01,PSUNOUSDM,873.5529,Sunflower Oil Price
2024-11-01,PSUNOUSDM,908.4999,Sunflower Oil Price
2024-12-01,PSUNOUSDM,934.9755,Sunflower Oil Price
2018-01-01,PALUMUSDM,2009.5802,Aluminum Price
2018-02-01,PALUMUSDM,2234.3972,Aluminum Price
2018-03-01,PALUMUSDM,1975.8838,Aluminum Price
2018-04-01,PALUMUSDM,2106.6982,Aluminum Price
2018-05-01,PALUMUSDM,2217.9823,Aluminum Price
2018-06-01,PALUMUSDM,2156.9564,Aluminum Price
2018-07-01,PALUMUSDM,1875.8605,Aluminum Price
2018-08-01,PALUMUSDM,1869.4814,Aluminum Price
2018-09-01,PALUMUSDM,2193.8253,Aluminum Price
2018-10-01,PALUMUSDM,2017.5174,Aluminum Price
2018-11-01,PALUMUSDM,2132.6108,Aluminum Price
2018-12-01,PALUMUSDM,1999.6158,Aluminum Price
2019-01-01,PALUMUSDM,2039.0252,Aluminum Price
2019-02-01,PALUMUSDM,2179.2386,Aluminum Price
2019-03-01,PALUMUSDM,2133.0702,Aluminum Price
2019-04-01,PALUMUSDM,2084.8772,Aluminum Price
2019-05-01,PALUMUSDM,2257.6399,Aluminum Price
2019-06-01,PALUMUSDM,2193.5312,Aluminum Price
2019-07-01,PALUMUSDM,2264.7811,Aluminum Price
2019-08-01,PALUMUSDM,1992.9178,Aluminum Price
2019-09-01,PALUMUSDM,2010.4913,Aluminum Price
2019-10-01,PALUMUSDM,1973.7498,Aluminum Price
2019-11-01,PALUMUSDM,1977.1471,Aluminum Price
2019-12-01,PALUMUSDM,1829.3589,Aluminum Price
2020-01-01,PALUMUSDM,2239.4348,Aluminum Price
2020-02-01,PALUMUSDM,2286.2111,Aluminum Price
2020-03-01,PALUMUSDM,1846.9867,Aluminum Price
2020-04-01,PALUMUSDM,2089.6737,Aluminum Price
2020-05-01,PALUMUSDM,1727.6928,Aluminum Price
2020-06-01,PALUMUSDM,1871.8969,Aluminum Price
2020-07-01,PALUMUSDM,1805.212,Aluminum Price
2020-08-01,PALUMUSDM,1926.777,Aluminum Price
2020-09-01,PALUMUSDM,1638.5432,Aluminum Price
2020-10-01,PALUMUSDM,1711.6797,Aluminum Price
2020-11-01,PALUMUSDM,2042.2618,Aluminum Price
2020-12-01,PALUMUSDM,1990.5458,Aluminum Price
2021-01-01,PALUMUSDM,2088.3563,Aluminum Price
2021-02-01,PALUMUSDM,2096.4566,Aluminum Price
2021-03-01,PALUMUSDM,2231.2491,Aluminum Price
2021-04-01,PALUMUSDM,2171.848,Aluminum Price
2021-05-01,PALUMUSDM,2085.4274,Aluminum Price
2021-06-01,PALUMUSDM,2131.5343,Aluminum Price
2021-07-01,PALUMUSDM,2383.7157,Aluminum Price
2021-08-01,PALUMUSDM,2199.7443,Aluminum Price
2021-09-01,PALUMUSDM,1965.3542,Aluminum Price
2021-10-01,PALUMUSDM,2062.1761,Aluminum Price
2021-11-01,PALUMUSDM,2092.5397,Aluminum Price
2021-12-01,PALUMUSDM,2086.5898,Aluminum Price
2022-01-01,PALUMUSDM,2338.5659,Aluminum Price
2022-02-01,PALUMUSDM,3361.806,Aluminum Price
2022-03-01,PALUMUSDM,3504.1811,Aluminum Price
2022-04-01,PALUMUSDM,3584.3251,Aluminum Price
2022-05-01,PALUMUSDM,3374.2582,Aluminum Price
2022-06-01,PALUMUSDM,3403.3167,Aluminum Price
2022-07-01,PALUMUSDM,2662.5165,Aluminum Price
2022-08-01,PALUMUSDM,2665.4706,Aluminum Price
2022-09-01,PALUMUSDM,2644.2456,Aluminum Price
2022-10-01,PALUMUSDM,2724.726,Aluminum Price
2022-11-01,PALUMUSDM,3141.7227,Aluminum Price
2022-12-01,PALUMUSDM,2875.3686,Aluminum Price
2023-01-01,PALUMUSDM,2428.2548,Aluminum Price
2023-02-01,PALUMUSDM,2572.6131,Aluminum Price
2023-03-01,PALUMUSDM,2327.4812,Aluminum Price
2023-04-01,PALUMUSDM,2340.4551,Aluminum Price
2023-05-01,PALUMUSDM,2219.1966,Aluminum Price
2023-06-01,PALUMUSDM,2329.4855,Aluminum Price
2023-07-01,PALUMUSDM,2231.2151,Aluminum Price
2023-08-01,PALUMUSDM,2452.8025,Aluminum Price
2023-09-01,PALUMUSDM,2127.3609,Aluminum Price
2023-10-01,PALUMUSDM,2618.6265,Aluminum Price
2023-11-01,PALUMUSDM,2553.6349,Aluminum Price
2023-12-01,PALUMUSDM,2787.8489,Aluminum Price
2024-01-01,PALUMUSDM,2232.7987,Aluminum Price
2024-02-01,PALUMUSDM,2188.6457,Aluminum Price
2024-03-01,PALUMUSDM,2646.4237,Aluminum Price
2024-04-01,PALUMUSDM,2556.9687,Aluminum Price
2024-05-01,PALUMUSDM,2310.0497,Aluminum Price
2024-06-01,PALUMUSDM,2377.608,Aluminum Price
2024-07-01,PALUMUSDM,2160.37,Aluminum Price
2024-08-01,PALUMUSDM,2334.0508,Aluminum Price
2024-09-01,PALUMUSDM,2221.5599,Aluminum Price
2024-10-01,PALUMUSDM,2274.2326,Aluminum Price
2024-11-01,PALUMUSDM,2086.7391,Aluminum Price
2024-12-01,PALUMUSDM,2380.5531,Aluminum Price
2018-01-01,PNICKUSDM,15876.264,Nickel Price
2018-02-01,PNICKUSDM,16695.5079,Nickel Price
2018-03-01,PNICKUSDM,15364.4732,Nickel Price
2018-04-01,PNICKUSDM,16690.3895,Nickel Price
2018-05-01,PNICKUSDM,14873.7273,Nickel Price
2018-06-01,PNICKUSDM,14795.9752,Nickel Price
2018-07-01,PNICKUSDM,13212.1678,Nickel Price
2018-08-01,PNICKUSDM,14373.7271,Nickel Price
2018-09-01,PNICKUSDM,13570.7439,Nickel Price
2018-10-01,PNICKUSDM,14102.7215,Nickel Price
2018-11-01,PNICKUSDM,15180.5676,Nickel Price
2018-12-01,PNICKUSDM,14280.2355,Nickel Price
2019-01-01,PNICKUSDM,17138.3834,Nickel Price
2019-02-01,PNICKUSDM,17255.6256,Nickel Price
2019-03-01,PNICKUSDM,17544.7186,Nickel Price
2019-04-01,PNICKUSDM,16646.0346,Nickel Price
2019-05-01,PNICKUSDM,17953.8764,Nickel Price
2019-06-01,PNICKUSDM,15384.7753,Nickel Price
2019-07-01,PNICKUSDM,16196.9025,Nickel Price
2019-08-01,PNICKUSDM,15777.1061,Nickel Price
2019-09-01,PNICKUSDM,15580.8671,Nickel Price
2019-10-01,PNICKUSDM,13705.3799,Nickel Price
2019-11-01,PNICKUSDM,15100.5616,Nickel Price
2019-12-01,PNICKUSDM,17272.2397,Nickel Price
2020-01-01,PNICKUSDM,17237.5817,Nickel Price
2020-02-01,PNICKUSDM,15045.5632,Nickel Price
2020-03-01,PNICKUSDM,14924.7734,Nickel Price
2020-04-01,PNICKUSDM,15346.1067,Nickel Price
2020-05-01,PNICKUSDM,15460.7977,Nickel Price
2020-06-01,PNICKUSDM,13581.5058,Nickel Price
2020-07-01,PNICKUSDM,15910.8571,Nickel Price
2020-08-01,PNICKUSDM,13375.8963,Nickel Price
2020-09-01,PNICKUSDM,13572.1073,Nickel Price
2020-10-01,PNICKUSDM,14489.976,Nickel Price
2020-11-01,PNICKUSDM,15988.2127,Nickel Price
2020-12-01,PNICKUSDM,15226.9466,Nickel Price
2021-01-01,PNICKUSDM,15722.2206,Nickel Price
2021-02-01,PNICKUSDM,17318.9315,Nickel Price
2021-03-01,PNICKUSDM,15491.3893,Nickel Price
2021-04-01,PNICKUSDM,15221.3795,Nickel Price
2021-05-01,PNICKUSDM,17155.3684,Nickel Price
2021-06-01,PNICKUSDM,15830.7848,Nickel Price
2021-07-01,PNICKUSDM,15720.28,Nickel Price
2021-08-01,PNICKUSDM,15989.6874,Nickel Price
2021-09-01,PNICKUSDM,15871.9775,Nickel Price
2021-10-01,PNICKUSDM,15913.3988,Nickel Price
2021-11-01,PNICKUSDM,15598.5189,Nickel Price
2021-12-01,PNICKUSDM,16703.0267,Nickel Price
2022-01-01,PNICKUSDM,15274.2573,Nickel Price
2022-02-01,PNICKUSDM,31889.7547,Nickel Price
2022-03-01,PNICKUSDM,30803.375,Nickel Price
2022-04-01,PNICKUSDM,31306.6147,Nickel Price
2022-05-01,PNICKUSDM,31746.9608,Nickel Price
2022-06-01,PNICKUSDM,28438.4161,Nickel Price
2022-07-01,PNICKUSDM,22147.7866,Nickel Price
2022-08-01,PNICKUSDM,23093.3645,Nickel Price
2022-09-01,PNICKUSDM,22245.1938,Nickel Price
2022-10-01,PNICKUSDM,23712.4169,Nickel Price
2022-11-01,PNICKUSDM,24386.3235,Nickel Price
2022-12-01,PNICKUSDM,24197.2632,Nickel Price
2023-01-01,PNICKUSDM,17791.1269,Nickel Price
2023-02-01,PNICKUSDM,16774.5679,Nickel Price
2023-03-01,PNICKUSDM,17673.399,Nickel Price
2023-04-01,PNICKUSDM,17136.7227,Nickel Price
2023-05-01,PNICKUSDM,18167.0096,Nickel Price
2023-06-01,PNICKUSDM,17142.8981,Nickel Price
2023-07-01,PNICKUSDM,15823.8657,Nickel Price
2023-08-01,PNICKUSDM,17639.0389,Nickel Price
2023-09-01,PNICKUSDM,16955.1413,Nickel Price
2023-10-01,PNICKUSDM,20456.2948,Nickel Price
2023-11-01,PNICKUSDM,22213.6878,Nickel Price
2023-12-01,PNICKUSDM,23726.6984,Nickel Price
2024-01-01,PNICKUSDM,17995.2785,Nickel Price
2024-02-01,PNICKUSDM,20756.6381,Nickel Price
2024-03-01,PNICKUSDM,18337.1999,Nickel Price
2024-04-01,PNICKUSDM,16710.1645,Nickel Price
2024-05-01,PNICKUSDM,18922.1313,Nickel Price
2024-06-01,PNICKUSDM,17332.641,Nickel Price
2024-07-01,PNICKUSDM,17856.6142,Nickel Price
2024-08-01,PNICKUSDM,15473.0182,Nickel Price
2024-09-01,PNICKUSDM,16929.2725,Nickel Price
2024-10-01,PNICKUSDM,17466.419,Nickel Price
2024-11-01,PNICKUSDM,17794.4247,Nickel Price
2024-12-01,PNICKUSDM,19008.6767,Nickel Price
2018-01-01,CPIAUCSL,259.7238,US CPI
2018-02-01,CPIAUCSL,261.1684,US CPI
2018-03-01,CPIAUCSL,261.6976,US CPI
2018-04-01,CPIAUCSL,262.4668,US CPI
2018-05-01,CPIAUCSL,263.3981,US CPI
2018-06-01,CPIAUCSL,264.2659,US CPI
2018-07-01,CPIAUCSL,265.3962,US CPI
2018-08-01,CPIAUCSL,266.3423,US CPI
2018-09-01,CPIAUCSL,266.9516,US CPI
2018-10-01,CPIAUCSL,266.842,US CPI
2018-11-01,CPIAUCSL,267.3023,US CPI
2018-12-01,CPIAUCSL,268.6664,US CPI
2019-01-01,CPIAUCSL,269.5198,US CPI
2019-02-01,CPIAUCSL,270.8945,US CPI
2019-03-01,CPIAUCSL,271.8943,US CPI
2019-04-01,CPIAUCSL,272.0541,US CPI
2019-05-01,CPIAUCSL,272.1048,US CPI
2019-06-01,CPIAUCSL,273.8861,US CPI
2019-07-01,CPIAUCSL,273.8221,US CPI
2019-08-01,CPIAUCSL,275.3708,US CPI
2019-09-01,CPIAUCSL,275.6907,US CPI
2019-10-01,CPIAUCSL,276.5504,US CPI
2019-11-01,CPIAUCSL,278.4356,US CPI
2019-12-01,CPIAUCSL,278.7617,US CPI
2020-01-01,CPIAUCSL,279.3457,US CPI
2020-02-01,CPIAUCSL,280.1962,US CPI
2020-03-01,CPIAUCSL,280.3969,US CPI
2020-04-01,CPIAUCSL,281.4189,US CPI
2020-05-01,CPIAUCSL,283.2745,US CPI
2020-06-01,CPIAUCSL,282.8329,US CPI
2020-07-01,CPIAUCSL,284.1095,US CPI
2020-08-01,CPIAUCSL,283.8892,US CPI
2020-09-01,CPIAUCSL,285.1268,US CPI
2020-10-01,CPIAUCSL,285.6156,US CPI
2020-11-01,CPIAUCSL,287.4584,US CPI
2020-12-01,CPIAUCSL,287.6999,US CPI
2021-01-01,CPIAUCSL,288.0874,US CPI
2021-02-01,CPIAUCSL,290.1429,US CPI
2021-03-01,CPIAUCSL,289.8172,US CPI
2021-04-01,CPIAUCSL,290.7399,US CPI
2021-05-01,CPIAUCSL,291.6346,US CPI
2021-06-01,CPIAUCSL,292.2373,US CPI
2021-07-01,CPIAUCSL,293.3787,US CPI
2021-08-01,CPIAUCSL,293.8963,US CPI
2021-09-01,CPIAUCSL,295.4784,US CPI
2021-10-01,CPIAUCSL,296.1486,US CPI
2021-11-01,CPIAUCSL,296.8218,US CPI
2021-12-01,CPIAUCSL,297.9447,US CPI
2022-01-01,CPIAUCSL,299.0719,US CPI
2022-02-01,CPIAUCSL,299.3747,US CPI
2022-03-01,CPIAUCSL,299.6243,US CPI
2022-04-01,CPIAUCSL,299.8259,US CPI
2022-05-01,CPIAUCSL,301.3663,US CPI
2022-06-01,CPIAUCSL,302.6002,US CPI
2022-07-01,CPIAUCSL,302.9842,US CPI
2022-08-01,CPIAUCSL,303.4226,US CPI
2022-09-01,CPIAUCSL,304.687,US CPI
2022-10-01,CPIAUCSL,307.0899,US CPI
2022-11-01,CPIAUCSL,307.1154,US CPI
2022-12-01,CPIAUCSL,306.3283,US CPI
2023-01-01,CPIAUCSL,308.3995,US CPI
2023-02-01,CPIAUCSL,308.9522,US CPI
2023-03-01,CPIAUCSL,308.9032,US CPI
2023-04-01,CPIAUCSL,310.7576,US CPI
2023-05-01,CPIAUCSL,311.4012,US CPI
2023-06-01,CPIAUCSL,311.9889,US CPI
2023-07-01,CPIAUCSL,313.0055,US CPI
2023-08-01,CPIAUCSL,313.6187,US CPI
2023-09-01,CPIAUCSL,314.3375,US CPI
2023-10-01,CPIAUCSL,315.4426,US CPI
2023-11-01,CPIAUCSL,315.9447,US CPI
2023-12-01,CPIAUCSL,316.3999,US CPI
2024-01-01,CPIAUCSL,317.9266,US CPI
2024-02-01,CPIAUCSL,318.4323,US CPI
2024-03-01,CPIAUCSL,318.5262,US CPI
2024-04-01,CPIAUCSL,319.9079,US CPI
2024-05-01,CPIAUCSL,320.5816,US CPI
2024-06-01,CPIAUCSL,322.2193,US CPI
2024-07-01,CPIAUCSL,321.3769,US CPI
2024-08-01,CPIAUCSL,323.4076,US CPI
2024-09-01,CPIAUCSL,323.6359,US CPI
2024-10-01,CPIAUCSL,325.1317,US CPI
2024-11-01,CPIAUCSL,326.1548,US CPI
2024-12-01,CPIAUCSL,326.9229,US CPI
2018-01-01,UNRATE,3.6706,US Unemployment Rate
2018-02-01,UNRATE,3.9822,US Unemployment Rate
2018-03-01,UNRATE,3.5561,US Unemployment Rate
2018-04-01,UNRATE,3.5656,US Unemployment Rate
2018-05-01,UNRATE,3.6893,US Unemployment Rate
2018-06-01,UNRATE,3.747,US Unemployment Rate
2018-07-01,UNRATE,3.8612,US Unemployment Rate
2018-08-01,UNRATE,3.8234,US Unemployment Rate
2018-09-01,UNRATE,3.5295,US Unemployment Rate
2018-10-01,UNRATE,3.7365,US Unemployment Rate
2018-11-01,UNRATE,3.6353,US Unemployment Rate
2018-12-01,UNRATE,3.8541,US Unemployment Rate
2019-01-01,UNRATE,3.3886,US Unemployment Rate
2019-02-01,UNRATE,3.9521,US Unemployment Rate
2019-03-01,UNRATE,3.8257,US Unemployment Rate
2019-04-01,UNRATE,3.7112,US Unemployment Rate
2019-05-01,UNRATE,3.8281,US Unemployment Rate
2019-06-01,UNRATE,3.6515,US Unemployment Rate
2019-07-01,UNRATE,3.5929,US Unemployment Rate
2019-08-01,UNRATE,3.9051,US Unemployment Rate
2019-09-01,UNRATE,3.8685,US Unemployment Rate
2019-10-01,UNRATE,3.7989,US Unemployment Rate
2019-11-01,UNRATE,3.8179,US Unemployment Rate
2019-12-01,UNRATE,3.846,US Unemployment Rate
2020-01-01,UNRATE,3.8813,US Unemployment Rate
2020-02-01,UNRATE,3.5566,US Unemployment Rate
2020-03-01,UNRATE,3.4622,US Unemployment Rate
2020-04-01,UNRATE,3.8224,US Unemployment Rate
2020-05-01,UNRATE,3.634,US Unemployment Rate
2020-06-01,UNRATE,3.7237,US Unemployment Rate
2020-07-01,UNRATE,3.6092,US Unemployment Rate
2020-08-01,UNRATE,3.6626,US Unemployment Rate
2020-09-01,UNRATE,3.7327,US Unemployment Rate
2020-10-01,UNRATE,3.6078,US Unemployment Rate
2020-11-01,UNRATE,3.8419,US Unemployment Rate
2020-12-01,UNRATE,3.8158,US Unemployment Rate
2021-01-01,UNRATE,3.5254,US Unemployment Rate
2021-02-01,UNRATE,3.6844,US Unemployment Rate
2021-03-01,UNRATE,3.9886,US Unemployment Rate
2021-04-01,UNRATE,3.7262,US Unemployment Rate
2021-05-01,UNRATE,3.8685,US Unemployment Rate
2021-06-01,UNRATE,3.4765,US Unemployment Rate
2021-07-01,UNRATE,3.7144,US Unemployment Rate
2021-08-01,UNRATE,3.599,US Unemployment Rate
2021-09-01,UNRATE,3.7077,US Unemployment Rate
2021-10-01,UNRATE,3.3203,US Unemployment Rate
2021-11-01,UNRATE,3.7807,US Unemployment Rate
2021-12-01,UNRATE,3.743,US Unemployment Rate
2022-01-01,UNRATE,3.6029,US Unemployment Rate
2022-02-01,UNRATE,3.8674,US Unemployment Rate
2022-03-01,UNRATE,3.6359,US Unemployment Rate
2022-04-01,UNRATE,3.7593,US Unemployment Rate
2022-05-01,UNRATE,3.7998,US Unemployment Rate
2022-06-01,UNRATE,3.597,US Unemployment Rate
2022-07-01,UNRATE,3.6267,US Unemployment Rate
2022-08-01,UNRATE,3.6195,US Unemployment Rate
2022-09-01,UNRATE,3.6294,US Unemployment Rate
2022-10-01,UNRATE,3.6335,US Unemployment Rate
2022-11-01,UNRATE,3.6894,US Unemployment Rate
2022-12-01,UNRATE,3.7068,US Unemployment Rate
2023-01-01,UNRATE,3.6416,US Unemployment Rate
2023-02-01,UNRATE,3.6523,US Unemployment Rate
2023-03-01,UNRATE,3.6624,US Unemployment Rate
2023-04-01,UNRATE,3.7397,US Unemployment Rate
2023-05-01,UNRATE,3.4869,US Unemployment Rate
2023-06-01,UNRATE,3.7893,US Unemployment Rate
2023-07-01,UNRATE,3.8052,US Unemployment Rate
2023-08-01,UNRATE,3.7363,US Unemployment Rate
2023-09-01,UNRATE,3.6421,US Unemployment Rate
2023-10-01,UNRATE,3.7983,US Unemployment Rate
2023-11-01,UNRATE,3.6851,US Unemployment Rate
2023-12-01,UNRATE,3.6646,US Unemployment Rate
2024-01-01,UNRATE,3.8701,US Unemployment Rate
2024-02-01,UNRATE,3.5673,US Unemployment Rate
2024-03-01,UNRATE,3.7946,US Unemployment Rate
2024-04-01,UNRATE,3.6741,US Unemployment Rate
2024-05-01,UNRATE,3.81,US Unemployment Rate
2024-06-01,UNRATE,3.7861,US Unemployment Rate
2024-07-01,UNRATE,3.9334,US Unemployment Rate
2024-08-01,UNRATE,3.865,US Unemployment Rate
2024-09-01,UNRATE,3.627,US Unemployment Rate
2024-10-01,UNRATE,3.6137,US Unemployment Rate
2024-11-01,UNRATE,3.8049,US Unemployment Rate
2024-12-01,UNRATE,3.9098,US Unemployment Rate
2018-01-01,MRTSSM44X72USS,569589.516,US Retail Sales
2018-02-01,MRTSSM44X72USS,568245.5932,US Retail Sales
2018-03-01,MRTSSM44X72USS,575249.7141,US Retail Sales
2018-04-01,MRTSSM44X72USS,579058.1491,US Retail Sales
2018-05-01,MRTSSM44X72USS,562715.1009,US Retail Sales
2018-06-01,MRTSSM44X72USS,560226.3933,US Retail Sales
2018-07-01,MRTSSM44X72USS,542681.3853,US Retail Sales
2018-08-01,MRTSSM44X72USS,550635.4186,US Retail Sales
2018-09-01,MRTSSM44X72USS,534525.9568,US Retail Sales
2018-10-01,MRTSSM44X72USS,548687.7204,US Retail Sales
2018-11-01,MRTSSM44X72USS,548400.6185,US Retail Sales
2018-12-01,MRTSSM44X72USS,568777.7062,US Retail Sales
2019-01-01,MRTSSM44X72USS,566653.1951,US Retail Sales
2019-02-01,MRTSSM44X72USS,592992.0539,US Retail Sales
2019-03-01,MRTSSM44X72USS,597887.9903,US Retail Sales
2019-04-01,MRTSSM44X72USS,580616.8206,US Retail Sales
2019-05-01,MRTSSM44X72USS,570724.4311,US Retail Sales
2019-06-01,MRTSSM44X72USS,571883.1868,US Retail Sales
2019-07-01,MRTSSM44X72USS,554042.6841,US Retail Sales
2019-08-01,MRTSSM44X72USS,526656.9809,US Retail Sales
2019-09-01,MRTSSM44X72USS,555143.0032,US Retail Sales
2019-10-01,MRTSSM44X72USS,547136.5603,US Retail Sales
2019-11-01,MRTSSM44X72USS,541907.8095,US Retail Sales
2019-12-01,MRTSSM44X72USS,578869.2626,US Retail Sales
2020-01-01,MRTSSM44X72USS,599848.5122,US Retail Sales
2020-02-01,MRTSSM44X72USS,605406.1496,US Retail Sales
2020-03-01,MRTSSM44X72USS,520050.1781,US Retail Sales
2020-04-01,MRTSSM44X72USS,511604.5676,US Retail Sales
2020-05-01,MRTSSM44X72USS,504465.5726,US Retail Sales
2020-06-01,MRTSSM44X72USS,512297.7279,US Retail Sales
2020-07-01,MRTSSM44X72USS,519230.4159,US Retail Sales
2020-08-01,MRTSSM44X72USS,536121.5066,US Retail Sales
2020-09-01,MRTSSM44X72USS,520506.2548,US Retail Sales
2020-10-01,MRTSSM44X72USS,512025.9246,US Retail Sales
2020-11-01,MRTSSM44X72USS,516201.4257,US Retail Sales
2020-12-01,MRTSSM44X72USS,550190.0285,US Retail Sales
2021-01-01,MRTSSM44X72USS,591041.9684,US Retail Sales
2021-02-01,MRTSSM44X72USS,626181.4617,US Retail Sales
2021-03-01,MRTSSM44X72USS,625803.2203,US Retail Sales
2021-04-01,MRTSSM44X72USS,619072.2876,US Retail Sales
2021-05-01,MRTSSM44X72USS,600186.3258,US Retail Sales
2021-06-01,MRTSSM44X72USS,592749.0231,US Retail Sales
2021-07-01,MRTSSM44X72USS,582925.8281,US Retail Sales
2021-08-01,MRTSSM44X72USS,559398.6955,US Retail Sales
2021-09-01,MRTSSM44X72USS,563995.2225,US Retail Sales
2021-10-01,MRTSSM44X72USS,562882.1406,US Retail Sales
2021-11-01,MRTSSM44X72USS,591710.0817,US Retail Sales
2021-12-01,MRTSSM44X72USS,597096.8111,US Retail Sales
2022-01-01,MRTSSM44X72USS,605413.5649,US Retail Sales
2022-02-01,MRTSSM44X72USS,620124.4227,US Retail Sales
2022-03-01,MRTSSM44X72USS,616249.4685,US Retail Sales
2022-04-01,MRTSSM44X72USS,617513.8544,US Retail Sales
2022-05-01,MRTSSM44X72USS,599153.7913,US Retail Sales
2022-06-01,MRTSSM44X72USS,602581.9094,US Retail Sales
2022-07-01,MRTSSM44X72USS,573638.6611,US Retail Sales
2022-08-01,MRTSSM44X72USS,582521.6529,US Retail Sales
2022-09-01,MRTSSM44X72USS,591986.3113,US Retail Sales
2022-10-01,MRTSSM44X72USS,573977.7384,US Retail Sales
2022-11-01,MRTSSM44X72USS,592686.8765,US Retail Sales
2022-12-01,MRTSSM44X72USS,607559.8911,US Retail Sales
2023-01-01,MRTSSM44X72USS,622654.3271,US Retail Sales
2023-02-01,MRTSSM44X72USS,641549.4314,US Retail Sales
2023-03-01,MRTSSM44X72USS,639168.1945,US Retail Sales
2023-04-01,MRTSSM44X72USS,645899.7695,US Retail Sales
2023-05-01,MRTSSM44X72USS,633327.6654,US Retail Sales
2023-06-01,MRTSSM44X72USS,615624.3422,US Retail Sales
2023-07-01,MRTSSM44X72USS,623207.4718,US Retail Sales
2023-08-01,MRTSSM44X72USS,595742.6357,US Retail Sales
2023-09-01,MRTSSM44X72USS,592604.941,US Retail Sales
2023-10-01,MRTSSM44X72USS,627384.7759,US Retail Sales
2023-11-01,MRTSSM44X72USS,617440.0072,US Retail Sales
2023-12-01,MRTSSM44X72USS,630584.0616,US Retail Sales
2024-01-01,MRTSSM44X72USS,650383.0606,US Retail Sales
2024-02-01,MRTSSM44X72USS,654958.8561,US Retail Sales
2024-03-01,MRTSSM44X72USS,672794.9593,US Retail Sales
2024-04-01,MRTSSM44X72USS,662184.656,US Retail Sales
2024-05-01,MRTSSM44X72USS,665100.9157,US Retail Sales
2024-06-01,MRTSSM44X72USS,620584.2388,US Retail Sales
2024-07-01,MRTSSM44X72USS,614794.7927,US Retail Sales
2024-08-01,MRTSSM44X72USS,598407.9049,US Retail Sales
2024-09-01,MRTSSM44X72USS,612915.6117,US Retail Sales
2024-10-01,MRTSSM44X72USS,612406.5476,US Retail Sales
2024-11-01,MRTSSM44X72USS,639061.1153,US Retail Sales
2024-12-01,MRTSSM44X72USS,639632.5813,US Retail Sales
